{
    "exact": [
        0.8830645161290323,
        0.7914798206278026,
        0.6551724137931034,
        0.5060240963855421,
        0.7446808510638298
    ],
    "exec": {
        "all": 0.7514506769825918,
        "easy": 0.8870967741935484,
        "extra": 0.5240963855421686,
        "hard": 0.6839080459770115,
        "medium": 0.7869955156950673
    }
}